REF_DATE,GEO,DGUID,Industry,Sector,Variable,UOM,UOM_ID,SCALAR_FACTOR,SCALAR_ID,VECTOR,COORDINATE,VALUE,STATUS,SYMBOL,TERMINATED,DECIMALS
1946,Canada,2016A000011124,All industries,All sectors,Number of work stoppages,Number,223,units,0,v108829328,1.1.1.1,227,,,,0
1947,Canada,2016A000011124,All industries,All sectors,Number of work stoppages,Number,223,units,0,v108829328,1.1.1.1,234,,,,0
1948,Canada,2016A000011124,All industries,All sectors,Number of work stoppages,Number,223,units,0,v108829328,1.1.1.1,154,,,,0
1949,Canada,2016A000011124,All industries,All sectors,Number of work stoppages,Number,223,units,0,v108829328,1.1.1.1,135,,,,0
1950,Canada,2016A000011124,All industries,All sectors,Number of work stoppages,Number,223,units,0,v108829328,1.1.1.1,161,,,,0
1951,Canada,2016A000011124,All industries,All sectors,Number of work stoppages,Number,223,units,0,v108829328,1.1.1.1,258,,,,0
1952,Canada,2016A000011124,All industries,All sectors,Number of work stoppages,Number,223,units,0,v108829328,1.1.1.1,219,,,,0
1953,Canada,2016A000011124,All industries,All sectors,Number of work stoppages,Number,223,units,0,v108829328,1.1.1.1,173,,,,0
1954,Canada,2016A000011124,All industries,All sectors,Number of work stoppages,Number,223,units,0,v108829328,1.1.1.1,173,,,,0
1955,Canada,2016A000011124,All industries,All sectors,Number of work stoppages,Number,223,units,0,v108829328,1.1.1.1,159,,,,0
1956,Canada,2016A000011124,All industries,All sectors,Number of work stoppages,Number,223,units,0,v108829328,1.1.1.1,229,,,,0
1957,Canada,2016A000011124,All industries,All sectors,Number of work stoppages,Number,223,units,0,v108829328,1.1.1.1,245,,,,0
1958,Canada,2016A000011124,All industries,All sectors,Number of work stoppages,Number,223,units,0,v108829328,1.1.1.1,258,,,,0
1959,Canada,2016A000011124,All industries,All sectors,Number of work stoppages,Number,223,units,0,v108829328,1.1.1.1,216,,,,0
1960,Canada,2016A000011124,All industries,All sectors,Number of work stoppages,Number,223,units,0,v108829328,1.1.1.1,274,,,,0
1961,Canada,2016A000011124,All industries,All sectors,Number of work stoppages,Number,223,units,0,v108829328,1.1.1.1,287,,,,0
1962,Canada,2016A000011124,All industries,All sectors,Number of work stoppages,Number,223,units,0,v108829328,1.1.1.1,311,,,,0
1963,Canada,2016A000011124,All industries,All sectors,Number of work stoppages,Number,223,units,0,v108829328,1.1.1.1,332,,,,0
1964,Canada,2016A000011124,All industries,All sectors,Number of work stoppages,Number,223,units,0,v108829328,1.1.1.1,343,,,,0
1965,Canada,2016A000011124,All industries,All sectors,Number of work stoppages,Number,223,units,0,v108829328,1.1.1.1,502,,,,0
1966,Canada,2016A000011124,All industries,All sectors,Number of work stoppages,Number,223,units,0,v108829328,1.1.1.1,617,,,,0
1967,Canada,2016A000011124,All industries,All sectors,Number of work stoppages,Number,223,units,0,v108829328,1.1.1.1,522,,,,0
1968,Canada,2016A000011124,All industries,All sectors,Number of work stoppages,Number,223,units,0,v108829328,1.1.1.1,581,,,,0
1969,Canada,2016A000011124,All industries,All sectors,Number of work stoppages,Number,223,units,0,v108829328,1.1.1.1,597,,,,0
1970,Canada,2016A000011124,All industries,All sectors,Number of work stoppages,Number,223,units,0,v108829328,1.1.1.1,544,,,,0
1971,Canada,2016A000011124,All industries,All sectors,Number of work stoppages,Number,223,units,0,v108829328,1.1.1.1,569,,,,0
1972,Canada,2016A000011124,All industries,All sectors,Number of work stoppages,Number,223,units,0,v108829328,1.1.1.1,598,,,,0
1973,Canada,2016A000011124,All industries,All sectors,Number of work stoppages,Number,223,units,0,v108829328,1.1.1.1,724,,,,0
1974,Canada,2016A000011124,All industries,All sectors,Number of work stoppages,Number,223,units,0,v108829328,1.1.1.1,1217,,,,0
1975,Canada,2016A000011124,All industries,All sectors,Number of work stoppages,Number,223,units,0,v108829328,1.1.1.1,1170,,,,0
1976,Canada,2016A000011124,All industries,All sectors,Number of work stoppages,Number,223,units,0,v108829328,1.1.1.1,1040,,,,0
1977,Canada,2016A000011124,All industries,All sectors,Number of work stoppages,Number,223,units,0,v108829328,1.1.1.1,806,,,,0
1978,Canada,2016A000011124,All industries,All sectors,Number of work stoppages,Number,223,units,0,v108829328,1.1.1.1,1057,,,,0
1979,Canada,2016A000011124,All industries,All sectors,Number of work stoppages,Number,223,units,0,v108829328,1.1.1.1,1049,,,,0
1980,Canada,2016A000011124,All industries,All sectors,Number of work stoppages,Number,223,units,0,v108829328,1.1.1.1,1028,,,,0
1981,Canada,2016A000011124,All industries,All sectors,Number of work stoppages,Number,223,units,0,v108829328,1.1.1.1,1049,,,,0
1982,Canada,2016A000011124,All industries,All sectors,Number of work stoppages,Number,223,units,0,v108829328,1.1.1.1,679,,,,0
1983,Canada,2016A000011124,All industries,All sectors,Number of work stoppages,Number,223,units,0,v108829328,1.1.1.1,645,,,,0
1984,Canada,2016A000011124,All industries,All sectors,Number of work stoppages,Number,223,units,0,v108829328,1.1.1.1,716,,,,0
1985,Canada,2016A000011124,All industries,All sectors,Number of work stoppages,Number,223,units,0,v108829328,1.1.1.1,829,,,,0
1986,Canada,2016A000011124,All industries,All sectors,Number of work stoppages,Number,223,units,0,v108829328,1.1.1.1,748,,,,0
1987,Canada,2016A000011124,All industries,All sectors,Number of work stoppages,Number,223,units,0,v108829328,1.1.1.1,667,,,,0
1988,Canada,2016A000011124,All industries,All sectors,Number of work stoppages,Number,223,units,0,v108829328,1.1.1.1,548,,,,0
1989,Canada,2016A000011124,All industries,All sectors,Number of work stoppages,Number,223,units,0,v108829328,1.1.1.1,627,,,,0
1990,Canada,2016A000011124,All industries,All sectors,Number of work stoppages,Number,223,units,0,v108829328,1.1.1.1,579,,,,0
1991,Canada,2016A000011124,All industries,All sectors,Number of work stoppages,Number,223,units,0,v108829328,1.1.1.1,463,,,,0
1992,Canada,2016A000011124,All industries,All sectors,Number of work stoppages,Number,223,units,0,v108829328,1.1.1.1,404,,,,0
1993,Canada,2016A000011124,All industries,All sectors,Number of work stoppages,Number,223,units,0,v108829328,1.1.1.1,381,,,,0
1994,Canada,2016A000011124,All industries,All sectors,Number of work stoppages,Number,223,units,0,v108829328,1.1.1.1,374,,,,0
1995,Canada,2016A000011124,All industries,All sectors,Number of work stoppages,Number,223,units,0,v108829328,1.1.1.1,328,,,,0
1996,Canada,2016A000011124,All industries,All sectors,Number of work stoppages,Number,223,units,0,v108829328,1.1.1.1,329,,,,0
1997,Canada,2016A000011124,All industries,All sectors,Number of work stoppages,Number,223,units,0,v108829328,1.1.1.1,285,,,,0
1998,Canada,2016A000011124,All industries,All sectors,Number of work stoppages,Number,223,units,0,v108829328,1.1.1.1,381,,,,0
1999,Canada,2016A000011124,All industries,All sectors,Number of work stoppages,Number,223,units,0,v108829328,1.1.1.1,412,,,,0
2000,Canada,2016A000011124,All industries,All sectors,Number of work stoppages,Number,223,units,0,v108829328,1.1.1.1,378,,,,0
2001,Canada,2016A000011124,All industries,All sectors,Number of work stoppages,Number,223,units,0,v108829328,1.1.1.1,383,,,,0
2002,Canada,2016A000011124,All industries,All sectors,Number of work stoppages,Number,223,units,0,v108829328,1.1.1.1,294,,,,0
2003,Canada,2016A000011124,All industries,All sectors,Number of work stoppages,Number,223,units,0,v108829328,1.1.1.1,267,,,,0
2004,Canada,2016A000011124,All industries,All sectors,Number of work stoppages,Number,223,units,0,v108829328,1.1.1.1,297,,,,0
2005,Canada,2016A000011124,All industries,All sectors,Number of work stoppages,Number,223,units,0,v108829328,1.1.1.1,260,,,,0
2006,Canada,2016A000011124,All industries,All sectors,Number of work stoppages,Number,223,units,0,v108829328,1.1.1.1,151,,,,0
2007,Canada,2016A000011124,All industries,All sectors,Number of work stoppages,Number,223,units,0,v108829328,1.1.1.1,206,,,,0
2008,Canada,2016A000011124,All industries,All sectors,Number of work stoppages,Number,223,units,0,v108829328,1.1.1.1,188,,,,0
2009,Canada,2016A000011124,All industries,All sectors,Number of work stoppages,Number,223,units,0,v108829328,1.1.1.1,157,,,,0
2010,Canada,2016A000011124,All industries,All sectors,Number of work stoppages,Number,223,units,0,v108829328,1.1.1.1,174,,,,0
2011,Canada,2016A000011124,All industries,All sectors,Number of work stoppages,Number,223,units,0,v108829328,1.1.1.1,149,,,,0
2012,Canada,2016A000011124,All industries,All sectors,Number of work stoppages,Number,223,units,0,v108829328,1.1.1.1,281,,,,0
2013,Canada,2016A000011124,All industries,All sectors,Number of work stoppages,Number,223,units,0,v108829328,1.1.1.1,165,,,,0
2014,Canada,2016A000011124,All industries,All sectors,Number of work stoppages,Number,223,units,0,v108829328,1.1.1.1,153,,,,0
2015,Canada,2016A000011124,All industries,All sectors,Number of work stoppages,Number,223,units,0,v108829328,1.1.1.1,237,,,,0
2016,Canada,2016A000011124,All industries,All sectors,Number of work stoppages,Number,223,units,0,v108829328,1.1.1.1,189,,,,0
2017,Canada,2016A000011124,All industries,All sectors,Number of work stoppages,Number,223,units,0,v108829328,1.1.1.1,134,,,,0
2018,Canada,2016A000011124,All industries,All sectors,Number of work stoppages,Number,223,units,0,v108829328,1.1.1.1,120,,,,0
2019,Canada,2016A000011124,All industries,All sectors,Number of work stoppages,Number,223,units,0,v108829328,1.1.1.1,128,,,,0
2020,Canada,2016A000011124,All industries,All sectors,Number of work stoppages,Number,223,units,0,v108829328,1.1.1.1,66,,,,0
2021,Canada,2016A000011124,All industries,All sectors,Number of work stoppages,Number,223,units,0,v108829328,1.1.1.1,186,,,,0
2022,Canada,2016A000011124,All industries,All sectors,Number of work stoppages,Number,223,units,0,v108829328,1.1.1.1,176,,,,0
2023,Canada,2016A000011124,All industries,All sectors,Number of work stoppages,Number,223,units,0,v108829328,1.1.1.1,778,,,,0
2024,Canada,2016A000011124,All industries,All sectors,Number of work stoppages,Number,223,units,0,v108829328,1.1.1.1,665,,,,0
1946,Canada,2016A000011124,All industries,All sectors,Maximum number of employees involved in work stoppages,Number,223,units,0,v108829329,1.1.1.2,138914,,,,0
1947,Canada,2016A000011124,All industries,All sectors,Maximum number of employees involved in work stoppages,Number,223,units,0,v108829329,1.1.1.2,103848,,,,0
1948,Canada,2016A000011124,All industries,All sectors,Maximum number of employees involved in work stoppages,Number,223,units,0,v108829329,1.1.1.2,43756,,,,0
1949,Canada,2016A000011124,All industries,All sectors,Maximum number of employees involved in work stoppages,Number,223,units,0,v108829329,1.1.1.2,47227,,,,0
1950,Canada,2016A000011124,All industries,All sectors,Maximum number of employees involved in work stoppages,Number,223,units,0,v108829329,1.1.1.2,193226,,,,0
1951,Canada,2016A000011124,All industries,All sectors,Maximum number of employees involved in work stoppages,Number,223,units,0,v108829329,1.1.1.2,101301,,,,0
1952,Canada,2016A000011124,All industries,All sectors,Maximum number of employees involved in work stoppages,Number,223,units,0,v108829329,1.1.1.2,112303,,,,0
1953,Canada,2016A000011124,All industries,All sectors,Maximum number of employees involved in work stoppages,Number,223,units,0,v108829329,1.1.1.2,55091,,,,0
1954,Canada,2016A000011124,All industries,All sectors,Maximum number of employees involved in work stoppages,Number,223,units,0,v108829329,1.1.1.2,57125,,,,0
1955,Canada,2016A000011124,All industries,All sectors,Maximum number of employees involved in work stoppages,Number,223,units,0,v108829329,1.1.1.2,60105,,,,0
1956,Canada,2016A000011124,All industries,All sectors,Maximum number of employees involved in work stoppages,Number,223,units,0,v108829329,1.1.1.2,89034,,,,0
1957,Canada,2016A000011124,All industries,All sectors,Maximum number of employees involved in work stoppages,Number,223,units,0,v108829329,1.1.1.2,80742,,,,0
1958,Canada,2016A000011124,All industries,All sectors,Maximum number of employees involved in work stoppages,Number,223,units,0,v108829329,1.1.1.2,109908,,,,0
1959,Canada,2016A000011124,All industries,All sectors,Maximum number of employees involved in work stoppages,Number,223,units,0,v108829329,1.1.1.2,95247,,,,0
1960,Canada,2016A000011124,All industries,All sectors,Maximum number of employees involved in work stoppages,Number,223,units,0,v108829329,1.1.1.2,49510,,,,0
1961,Canada,2016A000011124,All industries,All sectors,Maximum number of employees involved in work stoppages,Number,223,units,0,v108829329,1.1.1.2,98216,,,,0
1962,Canada,2016A000011124,All industries,All sectors,Maximum number of employees involved in work stoppages,Number,223,units,0,v108829329,1.1.1.2,75180,,,,0
1963,Canada,2016A000011124,All industries,All sectors,Maximum number of employees involved in work stoppages,Number,223,units,0,v108829329,1.1.1.2,84058,,,,0
1964,Canada,2016A000011124,All industries,All sectors,Maximum number of employees involved in work stoppages,Number,223,units,0,v108829329,1.1.1.2,100620,,,,0
1965,Canada,2016A000011124,All industries,All sectors,Maximum number of employees involved in work stoppages,Number,223,units,0,v108829329,1.1.1.2,172220,,,,0
1966,Canada,2016A000011124,All industries,All sectors,Maximum number of employees involved in work stoppages,Number,223,units,0,v108829329,1.1.1.2,412668,,,,0
1967,Canada,2016A000011124,All industries,All sectors,Maximum number of employees involved in work stoppages,Number,223,units,0,v108829329,1.1.1.2,253156,,,,0
1968,Canada,2016A000011124,All industries,All sectors,Maximum number of employees involved in work stoppages,Number,223,units,0,v108829329,1.1.1.2,224996,,,,0
1969,Canada,2016A000011124,All industries,All sectors,Maximum number of employees involved in work stoppages,Number,223,units,0,v108829329,1.1.1.2,306839,,,,0
1970,Canada,2016A000011124,All industries,All sectors,Maximum number of employees involved in work stoppages,Number,223,units,0,v108829329,1.1.1.2,261755,,,,0
1971,Canada,2016A000011124,All industries,All sectors,Maximum number of employees involved in work stoppages,Number,223,units,0,v108829329,1.1.1.2,239707,,,,0
1972,Canada,2016A000011124,All industries,All sectors,Maximum number of employees involved in work stoppages,Number,223,units,0,v108829329,1.1.1.2,705609,,,,0
1973,Canada,2016A000011124,All industries,All sectors,Maximum number of employees involved in work stoppages,Number,223,units,0,v108829329,1.1.1.2,350590,,,,0
1974,Canada,2016A000011124,All industries,All sectors,Maximum number of employees involved in work stoppages,Number,223,units,0,v108829329,1.1.1.2,592864,,,,0
1975,Canada,2016A000011124,All industries,All sectors,Maximum number of employees involved in work stoppages,Number,223,units,0,v108829329,1.1.1.2,505332,,,,0
1976,Canada,2016A000011124,All industries,All sectors,Maximum number of employees involved in work stoppages,Number,223,units,0,v108829329,1.1.1.2,1584793,,,,0
1977,Canada,2016A000011124,All industries,All sectors,Maximum number of employees involved in work stoppages,Number,223,units,0,v108829329,1.1.1.2,218356,,,,0
1978,Canada,2016A000011124,All industries,All sectors,Maximum number of employees involved in work stoppages,Number,223,units,0,v108829329,1.1.1.2,400798,,,,0
1979,Canada,2016A000011124,All industries,All sectors,Maximum number of employees involved in work stoppages,Number,223,units,0,v108829329,1.1.1.2,462541,,,,0
1980,Canada,2016A000011124,All industries,All sectors,Maximum number of employees involved in work stoppages,Number,223,units,0,v108829329,1.1.1.2,452380,,,,0
1981,Canada,2016A000011124,All industries,All sectors,Maximum number of employees involved in work stoppages,Number,223,units,0,v108829329,1.1.1.2,341612,,,,0
1982,Canada,2016A000011124,All industries,All sectors,Maximum number of employees involved in work stoppages,Number,223,units,0,v108829329,1.1.1.2,464234,,,,0
1983,Canada,2016A000011124,All industries,All sectors,Maximum number of employees involved in work stoppages,Number,223,units,0,v108829329,1.1.1.2,330448,,,,0
1984,Canada,2016A000011124,All industries,All sectors,Maximum number of employees involved in work stoppages,Number,223,units,0,v108829329,1.1.1.2,187111,,,,0
1985,Canada,2016A000011124,All industries,All sectors,Maximum number of employees involved in work stoppages,Number,223,units,0,v108829329,1.1.1.2,164299,,,,0
1986,Canada,2016A000011124,All industries,All sectors,Maximum number of employees involved in work stoppages,Number,223,units,0,v108829329,1.1.1.2,486456,,,,0
1987,Canada,2016A000011124,All industries,All sectors,Maximum number of employees involved in work stoppages,Number,223,units,0,v108829329,1.1.1.2,581623,,,,0
1988,Canada,2016A000011124,All industries,All sectors,Maximum number of employees involved in work stoppages,Number,223,units,0,v108829329,1.1.1.2,206871,,,,0
1989,Canada,2016A000011124,All industries,All sectors,Maximum number of employees involved in work stoppages,Number,223,units,0,v108829329,1.1.1.2,445009,,,,0
1990,Canada,2016A000011124,All industries,All sectors,Maximum number of employees involved in work stoppages,Number,223,units,0,v108829329,1.1.1.2,271106,,,,0
1991,Canada,2016A000011124,All industries,All sectors,Maximum number of employees involved in work stoppages,Number,223,units,0,v108829329,1.1.1.2,253581,,,,0
1992,Canada,2016A000011124,All industries,All sectors,Maximum number of employees involved in work stoppages,Number,223,units,0,v108829329,1.1.1.2,152474,,,,0
1993,Canada,2016A000011124,All industries,All sectors,Maximum number of employees involved in work stoppages,Number,223,units,0,v108829329,1.1.1.2,102043,,,,0
1994,Canada,2016A000011124,All industries,All sectors,Maximum number of employees involved in work stoppages,Number,223,units,0,v108829329,1.1.1.2,80956,,,,0
1995,Canada,2016A000011124,All industries,All sectors,Maximum number of employees involved in work stoppages,Number,223,units,0,v108829329,1.1.1.2,149221,,,,0
1996,Canada,2016A000011124,All industries,All sectors,Maximum number of employees involved in work stoppages,Number,223,units,0,v108829329,1.1.1.2,275805,,,,0
1997,Canada,2016A000011124,All industries,All sectors,Maximum number of employees involved in work stoppages,Number,223,units,0,v108829329,1.1.1.2,258111,,,,0
1998,Canada,2016A000011124,All industries,All sectors,Maximum number of employees involved in work stoppages,Number,223,units,0,v108829329,1.1.1.2,233604,,,,0
1999,Canada,2016A000011124,All industries,All sectors,Maximum number of employees involved in work stoppages,Number,223,units,0,v108829329,1.1.1.2,148276,,,,0
2000,Canada,2016A000011124,All industries,All sectors,Maximum number of employees involved in work stoppages,Number,223,units,0,v108829329,1.1.1.2,142672,,,,0
2001,Canada,2016A000011124,All industries,All sectors,Maximum number of employees involved in work stoppages,Number,223,units,0,v108829329,1.1.1.2,221203,,,,0
2002,Canada,2016A000011124,All industries,All sectors,Maximum number of employees involved in work stoppages,Number,223,units,0,v108829329,1.1.1.2,165590,,,,0
2003,Canada,2016A000011124,All industries,All sectors,Maximum number of employees involved in work stoppages,Number,223,units,0,v108829329,1.1.1.2,78915,,,,0
2004,Canada,2016A000011124,All industries,All sectors,Maximum number of employees involved in work stoppages,Number,223,units,0,v108829329,1.1.1.2,259229,,,,0
2005,Canada,2016A000011124,All industries,All sectors,Maximum number of employees involved in work stoppages,Number,223,units,0,v108829329,1.1.1.2,199007,,,,0
2006,Canada,2016A000011124,All industries,All sectors,Maximum number of employees involved in work stoppages,Number,223,units,0,v108829329,1.1.1.2,42314,,,,0
2007,Canada,2016A000011124,All industries,All sectors,Maximum number of employees involved in work stoppages,Number,223,units,0,v108829329,1.1.1.2,65552,,,,0
2008,Canada,2016A000011124,All industries,All sectors,Maximum number of employees involved in work stoppages,Number,223,units,0,v108829329,1.1.1.2,41331,,,,0
2009,Canada,2016A000011124,All industries,All sectors,Maximum number of employees involved in work stoppages,Number,223,units,0,v108829329,1.1.1.2,67313,,,,0
2010,Canada,2016A000011124,All industries,All sectors,Maximum number of employees involved in work stoppages,Number,223,units,0,v108829329,1.1.1.2,57728,,,,0
2011,Canada,2016A000011124,All industries,All sectors,Maximum number of employees involved in work stoppages,Number,223,units,0,v108829329,1.1.1.2,91147,,,,0
2012,Canada,2016A000011124,All industries,All sectors,Maximum number of employees involved in work stoppages,Number,223,units,0,v108829329,1.1.1.2,137398,,,,0
2013,Canada,2016A000011124,All industries,All sectors,Maximum number of employees involved in work stoppages,Number,223,units,0,v108829329,1.1.1.2,205726,,,,0
2014,Canada,2016A000011124,All industries,All sectors,Maximum number of employees involved in work stoppages,Number,223,units,0,v108829329,1.1.1.2,80474,,,,0
2015,Canada,2016A000011124,All industries,All sectors,Maximum number of employees involved in work stoppages,Number,223,units,0,v108829329,1.1.1.2,428802,,,,0
2016,Canada,2016A000011124,All industries,All sectors,Maximum number of employees involved in work stoppages,Number,223,units,0,v108829329,1.1.1.2,44387,,,,0
2017,Canada,2016A000011124,All industries,All sectors,Maximum number of employees involved in work stoppages,Number,223,units,0,v108829329,1.1.1.2,203939,,,,0
2018,Canada,2016A000011124,All industries,All sectors,Maximum number of employees involved in work stoppages,Number,223,units,0,v108829329,1.1.1.2,83833,,,,0
2019,Canada,2016A000011124,All industries,All sectors,Maximum number of employees involved in work stoppages,Number,223,units,0,v108829329,1.1.1.2,46249,,,,0
2020,Canada,2016A000011124,All industries,All sectors,Maximum number of employees involved in work stoppages,Number,223,units,0,v108829329,1.1.1.2,624028,,,,0
2021,Canada,2016A000011124,All industries,All sectors,Maximum number of employees involved in work stoppages,Number,223,units,0,v108829329,1.1.1.2,289804,,,,0
2022,Canada,2016A000011124,All industries,All sectors,Maximum number of employees involved in work stoppages,Number,223,units,0,v108829329,1.1.1.2,206649,,,,0
2023,Canada,2016A000011124,All industries,All sectors,Maximum number of employees involved in work stoppages,Number,223,units,0,v108829329,1.1.1.2,540951,,,,0
2024,Canada,2016A000011124,All industries,All sectors,Maximum number of employees involved in work stoppages,Number,223,units,0,v108829329,1.1.1.2,383551,,,,0
1946,Canada,2016A000011124,All industries,All sectors,Average duration of work stoppages in days,Number,223,units,0,v108829330,1.1.1.3,14.2,,,,1
1947,Canada,2016A000011124,All industries,All sectors,Average duration of work stoppages in days,Number,223,units,0,v108829330,1.1.1.3,13.4,,,,1
1948,Canada,2016A000011124,All industries,All sectors,Average duration of work stoppages in days,Number,223,units,0,v108829330,1.1.1.3,17.2,,,,1
1949,Canada,2016A000011124,All industries,All sectors,Average duration of work stoppages in days,Number,223,units,0,v108829330,1.1.1.3,16.3,,,,1
1950,Canada,2016A000011124,All industries,All sectors,Average duration of work stoppages in days,Number,223,units,0,v108829330,1.1.1.3,16.2,,,,1
1951,Canada,2016A000011124,All industries,All sectors,Average duration of work stoppages in days,Number,223,units,0,v108829330,1.1.1.3,11.3,,,,1
1952,Canada,2016A000011124,All industries,All sectors,Average duration of work stoppages in days,Number,223,units,0,v108829330,1.1.1.3,19.2,,,,1
1953,Canada,2016A000011124,All industries,All sectors,Average duration of work stoppages in days,Number,223,units,0,v108829330,1.1.1.3,24.7,,,,1
1954,Canada,2016A000011124,All industries,All sectors,Average duration of work stoppages in days,Number,223,units,0,v108829330,1.1.1.3,18.5,,,,1
1955,Canada,2016A000011124,All industries,All sectors,Average duration of work stoppages in days,Number,223,units,0,v108829330,1.1.1.3,17.5,,,,1
1956,Canada,2016A000011124,All industries,All sectors,Average duration of work stoppages in days,Number,223,units,0,v108829330,1.1.1.3,17.2,,,,1
1957,Canada,2016A000011124,All industries,All sectors,Average duration of work stoppages in days,Number,223,units,0,v108829330,1.1.1.3,17.1,,,,1
1958,Canada,2016A000011124,All industries,All sectors,Average duration of work stoppages in days,Number,223,units,0,v108829330,1.1.1.3,17.3,,,,1
1959,Canada,2016A000011124,All industries,All sectors,Average duration of work stoppages in days,Number,223,units,0,v108829330,1.1.1.3,17,,,,1
1960,Canada,2016A000011124,All industries,All sectors,Average duration of work stoppages in days,Number,223,units,0,v108829330,1.1.1.3,16.4,,,,1
1961,Canada,2016A000011124,All industries,All sectors,Average duration of work stoppages in days,Number,223,units,0,v108829330,1.1.1.3,17.8,,,,1
1962,Canada,2016A000011124,All industries,All sectors,Average duration of work stoppages in days,Number,223,units,0,v108829330,1.1.1.3,18.3,,,,1
1963,Canada,2016A000011124,All industries,All sectors,Average duration of work stoppages in days,Number,223,units,0,v108829330,1.1.1.3,19.7,,,,1
1964,Canada,2016A000011124,All industries,All sectors,Average duration of work stoppages in days,Number,223,units,0,v108829330,1.1.1.3,21.9,,,,1
1965,Canada,2016A000011124,All industries,All sectors,Average duration of work stoppages in days,Number,223,units,0,v108829330,1.1.1.3,20,,,,1
1966,Canada,2016A000011124,All industries,All sectors,Average duration of work stoppages in days,Number,223,units,0,v108829330,1.1.1.3,18.5,,,,1
1967,Canada,2016A000011124,All industries,All sectors,Average duration of work stoppages in days,Number,223,units,0,v108829330,1.1.1.3,20.6,,,,1
1968,Canada,2016A000011124,All industries,All sectors,Average duration of work stoppages in days,Number,223,units,0,v108829330,1.1.1.3,23.5,,,,1
1969,Canada,2016A000011124,All industries,All sectors,Average duration of work stoppages in days,Number,223,units,0,v108829330,1.1.1.3,23.6,,,,1
1970,Canada,2016A000011124,All industries,All sectors,Average duration of work stoppages in days,Number,223,units,0,v108829330,1.1.1.3,24.7,,,,1
1971,Canada,2016A000011124,All industries,All sectors,Average duration of work stoppages in days,Number,223,units,0,v108829330,1.1.1.3,23.9,,,,1
1972,Canada,2016A000011124,All industries,All sectors,Average duration of work stoppages in days,Number,223,units,0,v108829330,1.1.1.3,22.2,,,,1
1973,Canada,2016A000011124,All industries,All sectors,Average duration of work stoppages in days,Number,223,units,0,v108829330,1.1.1.3,25.8,,,,1
1974,Canada,2016A000011124,All industries,All sectors,Average duration of work stoppages in days,Number,223,units,0,v108829330,1.1.1.3,21,,,,1
1975,Canada,2016A000011124,All industries,All sectors,Average duration of work stoppages in days,Number,223,units,0,v108829330,1.1.1.3,29.9,,,,1
1976,Canada,2016A000011124,All industries,All sectors,Average duration of work stoppages in days,Number,223,units,0,v108829330,1.1.1.3,26.7,,,,1
1977,Canada,2016A000011124,All industries,All sectors,Average duration of work stoppages in days,Number,223,units,0,v108829330,1.1.1.3,24.6,,,,1
1978,Canada,2016A000011124,All industries,All sectors,Average duration of work stoppages in days,Number,223,units,0,v108829330,1.1.1.3,25.4,,,,1
1979,Canada,2016A000011124,All industries,All sectors,Average duration of work stoppages in days,Number,223,units,0,v108829330,1.1.1.3,28.5,,,,1
1980,Canada,2016A000011124,All industries,All sectors,Average duration of work stoppages in days,Number,223,units,0,v108829330,1.1.1.3,28.4,,,,1
1981,Canada,2016A000011124,All industries,All sectors,Average duration of work stoppages in days,Number,223,units,0,v108829330,1.1.1.3,32,,,,1
1982,Canada,2016A000011124,All industries,All sectors,Average duration of work stoppages in days,Number,223,units,0,v108829330,1.1.1.3,36.3,,,,1
1983,Canada,2016A000011124,All industries,All sectors,Average duration of work stoppages in days,Number,223,units,0,v108829330,1.1.1.3,36.1,,,,1
1984,Canada,2016A000011124,All industries,All sectors,Average duration of work stoppages in days,Number,223,units,0,v108829330,1.1.1.3,32.4,,,,1
1985,Canada,2016A000011124,All industries,All sectors,Average duration of work stoppages in days,Number,223,units,0,v108829330,1.1.1.3,34.7,,,,1
1986,Canada,2016A000011124,All industries,All sectors,Average duration of work stoppages in days,Number,223,units,0,v108829330,1.1.1.3,34.6,,,,1
1987,Canada,2016A000011124,All industries,All sectors,Average duration of work stoppages in days,Number,223,units,0,v108829330,1.1.1.3,32.9,,,,1
1988,Canada,2016A000011124,All industries,All sectors,Average duration of work stoppages in days,Number,223,units,0,v108829330,1.1.1.3,38.6,,,,1
1989,Canada,2016A000011124,All industries,All sectors,Average duration of work stoppages in days,Number,223,units,0,v108829330,1.1.1.3,34.1,,,,1
1990,Canada,2016A000011124,All industries,All sectors,Average duration of work stoppages in days,Number,223,units,0,v108829330,1.1.1.3,37.9,,,,1
1991,Canada,2016A000011124,All industries,All sectors,Average duration of work stoppages in days,Number,223,units,0,v108829330,1.1.1.3,36.3,,,,1
1992,Canada,2016A000011124,All industries,All sectors,Average duration of work stoppages in days,Number,223,units,0,v108829330,1.1.1.3,40.2,,,,1
1993,Canada,2016A000011124,All industries,All sectors,Average duration of work stoppages in days,Number,223,units,0,v108829330,1.1.1.3,44.5,,,,1
1994,Canada,2016A000011124,All industries,All sectors,Average duration of work stoppages in days,Number,223,units,0,v108829330,1.1.1.3,40.7,,,,1
1995,Canada,2016A000011124,All industries,All sectors,Average duration of work stoppages in days,Number,223,units,0,v108829330,1.1.1.3,36.3,,,,1
1996,Canada,2016A000011124,All industries,All sectors,Average duration of work stoppages in days,Number,223,units,0,v108829330,1.1.1.3,40.7,,,,1
1997,Canada,2016A000011124,All industries,All sectors,Average duration of work stoppages in days,Number,223,units,0,v108829330,1.1.1.3,43.6,,,,1
1998,Canada,2016A000011124,All industries,All sectors,Average duration of work stoppages in days,Number,223,units,0,v108829330,1.1.1.3,35.6,,,,1
1999,Canada,2016A000011124,All industries,All sectors,Average duration of work stoppages in days,Number,223,units,0,v108829330,1.1.1.3,40.7,,,,1
2000,Canada,2016A000011124,All industries,All sectors,Average duration of work stoppages in days,Number,223,units,0,v108829330,1.1.1.3,39.6,,,,1
2001,Canada,2016A000011124,All industries,All sectors,Average duration of work stoppages in days,Number,223,units,0,v108829330,1.1.1.3,35.9,,,,1
2002,Canada,2016A000011124,All industries,All sectors,Average duration of work stoppages in days,Number,223,units,0,v108829330,1.1.1.3,39.9,,,,1
2003,Canada,2016A000011124,All industries,All sectors,Average duration of work stoppages in days,Number,223,units,0,v108829330,1.1.1.3,39.4,,,,1
2004,Canada,2016A000011124,All industries,All sectors,Average duration of work stoppages in days,Number,223,units,0,v108829330,1.1.1.3,41.5,,,,1
2005,Canada,2016A000011124,All industries,All sectors,Average duration of work stoppages in days,Number,223,units,0,v108829330,1.1.1.3,36.4,,,,1
2006,Canada,2016A000011124,All industries,All sectors,Average duration of work stoppages in days,Number,223,units,0,v108829330,1.1.1.3,50.3,,,,1
2007,Canada,2016A000011124,All industries,All sectors,Average duration of work stoppages in days,Number,223,units,0,v108829330,1.1.1.3,40,,,,1
2008,Canada,2016A000011124,All industries,All sectors,Average duration of work stoppages in days,Number,223,units,0,v108829330,1.1.1.3,45.4,,,,1
2009,Canada,2016A000011124,All industries,All sectors,Average duration of work stoppages in days,Number,223,units,0,v108829330,1.1.1.3,60.8,,,,1
2010,Canada,2016A000011124,All industries,All sectors,Average duration of work stoppages in days,Number,223,units,0,v108829330,1.1.1.3,51.7,,,,1
2011,Canada,2016A000011124,All industries,All sectors,Average duration of work stoppages in days,Number,223,units,0,v108829330,1.1.1.3,49.2,,,,1
2012,Canada,2016A000011124,All industries,All sectors,Average duration of work stoppages in days,Number,223,units,0,v108829330,1.1.1.3,23.9,,,,1
2013,Canada,2016A000011124,All industries,All sectors,Average duration of work stoppages in days,Number,223,units,0,v108829330,1.1.1.3,86,,,,1
2014,Canada,2016A000011124,All industries,All sectors,Average duration of work stoppages in days,Number,223,units,0,v108829330,1.1.1.3,97.7,,,,1
2015,Canada,2016A000011124,All industries,All sectors,Average duration of work stoppages in days,Number,223,units,0,v108829330,1.1.1.3,64.6,,,,1
2016,Canada,2016A000011124,All industries,All sectors,Average duration of work stoppages in days,Number,223,units,0,v108829330,1.1.1.3,35.7,,,,1
2017,Canada,2016A000011124,All industries,All sectors,Average duration of work stoppages in days,Number,223,units,0,v108829330,1.1.1.3,72.4,,,,1
2018,Canada,2016A000011124,All industries,All sectors,Average duration of work stoppages in days,Number,223,units,0,v108829330,1.1.1.3,52.9,,,,1
2019,Canada,2016A000011124,All industries,All sectors,Average duration of work stoppages in days,Number,223,units,0,v108829330,1.1.1.3,33.2,,,,1
2020,Canada,2016A000011124,All industries,All sectors,Average duration of work stoppages in days,Number,223,units,0,v108829330,1.1.1.3,44.5,,,,1
2021,Canada,2016A000011124,All industries,All sectors,Average duration of work stoppages in days,Number,223,units,0,v108829330,1.1.1.3,23.4,,,,1
2022,Canada,2016A000011124,All industries,All sectors,Average duration of work stoppages in days,Number,223,units,0,v108829330,1.1.1.3,57.6,,,,1
2023,Canada,2016A000011124,All industries,All sectors,Average duration of work stoppages in days,Number,223,units,0,v108829330,1.1.1.3,24.5,,,,1
2024,Canada,2016A000011124,All industries,All sectors,Average duration of work stoppages in days,Number,223,units,0,v108829330,1.1.1.3,5,,,,1
1946,Canada,2016A000011124,All industries,All sectors,Person-days not worked,Number,223,units,0,v108829331,1.1.1.4,4515230,,,,0
1947,Canada,2016A000011124,All industries,All sectors,Person-days not worked,Number,223,units,0,v108829331,1.1.1.4,2366520,,,,0
1948,Canada,2016A000011124,All industries,All sectors,Person-days not worked,Number,223,units,0,v108829331,1.1.1.4,885960,,,,0
1949,Canada,2016A000011124,All industries,All sectors,Person-days not worked,Number,223,units,0,v108829331,1.1.1.4,1036930,,,,0
1950,Canada,2016A000011124,All industries,All sectors,Person-days not worked,Number,223,units,0,v108829331,1.1.1.4,1388280,,,,0
1951,Canada,2016A000011124,All industries,All sectors,Person-days not worked,Number,223,units,0,v108829331,1.1.1.4,901911,,,,0
1952,Canada,2016A000011124,All industries,All sectors,Person-days not worked,Number,223,units,0,v108829331,1.1.1.4,2765720,,,,0
1953,Canada,2016A000011124,All industries,All sectors,Person-days not worked,Number,223,units,0,v108829331,1.1.1.4,1312900,,,,0
1954,Canada,2016A000011124,All industries,All sectors,Person-days not worked,Number,223,units,0,v108829331,1.1.1.4,1430500,,,,0
1955,Canada,2016A000011124,All industries,All sectors,Person-days not worked,Number,223,units,0,v108829331,1.1.1.4,1875600,,,,0
1956,Canada,2016A000011124,All industries,All sectors,Person-days not worked,Number,223,units,0,v108829331,1.1.1.4,1246130,,,,0
1957,Canada,2016A000011124,All industries,All sectors,Person-days not worked,Number,223,units,0,v108829331,1.1.1.4,1477330,,,,0
1958,Canada,2016A000011124,All industries,All sectors,Person-days not worked,Number,223,units,0,v108829331,1.1.1.4,2673480,,,,0
1959,Canada,2016A000011124,All industries,All sectors,Person-days not worked,Number,223,units,0,v108829331,1.1.1.4,2226890,,,,0
1960,Canada,2016A000011124,All industries,All sectors,Person-days not worked,Number,223,units,0,v108829331,1.1.1.4,738700,,,,0
1961,Canada,2016A000011124,All industries,All sectors,Person-days not worked,Number,223,units,0,v108829331,1.1.1.4,1335080,,,,0
1962,Canada,2016A000011124,All industries,All sectors,Person-days not worked,Number,223,units,0,v108829331,1.1.1.4,1417360,,,,0
1963,Canada,2016A000011124,All industries,All sectors,Person-days not worked,Number,223,units,0,v108829331,1.1.1.4,916990,,,,0
1964,Canada,2016A000011124,All industries,All sectors,Person-days not worked,Number,223,units,0,v108829331,1.1.1.4,1580090,,,,0
1965,Canada,2016A000011124,All industries,All sectors,Person-days not worked,Number,223,units,0,v108829331,1.1.1.4,2301090,,,,0
1966,Canada,2016A000011124,All industries,All sectors,Person-days not worked,Number,223,units,0,v108829331,1.1.1.4,5180030,,,,0
1967,Canada,2016A000011124,All industries,All sectors,Person-days not worked,Number,223,units,0,v108829331,1.1.1.4,3975790,,,,0
1968,Canada,2016A000011124,All industries,All sectors,Person-days not worked,Number,223,units,0,v108829331,1.1.1.4,5077610,,,,0
1969,Canada,2016A000011124,All industries,All sectors,Person-days not worked,Number,223,units,0,v108829331,1.1.1.4,7732590,,,,0
1970,Canada,2016A000011124,All industries,All sectors,Person-days not worked,Number,223,units,0,v108829331,1.1.1.4,6539500,,,,0
1971,Canada,2016A000011124,All industries,All sectors,Person-days not worked,Number,223,units,0,v108829331,1.1.1.4,2854480,,,,0
1972,Canada,2016A000011124,All industries,All sectors,Person-days not worked,Number,223,units,0,v108829331,1.1.1.4,7716290,,,,0
1973,Canada,2016A000011124,All industries,All sectors,Person-days not worked,Number,223,units,0,v108829331,1.1.1.4,5761150,,,,0
1974,Canada,2016A000011124,All industries,All sectors,Person-days not worked,Number,223,units,0,v108829331,1.1.1.4,9222250,,,,0
1975,Canada,2016A000011124,All industries,All sectors,Person-days not worked,Number,223,units,0,v108829331,1.1.1.4,10877290,,,,0
1976,Canada,2016A000011124,All industries,All sectors,Person-days not worked,Number,223,units,0,v108829331,1.1.1.4,11544170,,,,0
1977,Canada,2016A000011124,All industries,All sectors,Person-days not worked,Number,223,units,0,v108829331,1.1.1.4,3320050,,,,0
1978,Canada,2016A000011124,All industries,All sectors,Person-days not worked,Number,223,units,0,v108829331,1.1.1.4,7357180,,,,0
1979,Canada,2016A000011124,All industries,All sectors,Person-days not worked,Number,223,units,0,v108829331,1.1.1.4,7819350,,,,0
1980,Canada,2016A000011124,All industries,All sectors,Person-days not worked,Number,223,units,0,v108829331,1.1.1.4,9129880,,,,0
1981,Canada,2016A000011124,All industries,All sectors,Person-days not worked,Number,223,units,0,v108829331,1.1.1.4,8850040,,,,0
1982,Canada,2016A000011124,All industries,All sectors,Person-days not worked,Number,223,units,0,v108829331,1.1.1.4,5702370,,,,0
1983,Canada,2016A000011124,All industries,All sectors,Person-days not worked,Number,223,units,0,v108829331,1.1.1.4,4440890,,,,0
1984,Canada,2016A000011124,All industries,All sectors,Person-days not worked,Number,223,units,0,v108829331,1.1.1.4,3883390,,,,0
1985,Canada,2016A000011124,All industries,All sectors,Person-days not worked,Number,223,units,0,v108829331,1.1.1.4,3125560,,,,0
1986,Canada,2016A000011124,All industries,All sectors,Person-days not worked,Number,223,units,0,v108829331,1.1.1.4,7151470,,,,0
1987,Canada,2016A000011124,All industries,All sectors,Person-days not worked,Number,223,units,0,v108829331,1.1.1.4,3808030,,,,0
1988,Canada,2016A000011124,All industries,All sectors,Person-days not worked,Number,223,units,0,v108829331,1.1.1.4,4901260,,,,0
1989,Canada,2016A000011124,All industries,All sectors,Person-days not worked,Number,223,units,0,v108829331,1.1.1.4,3701360,,,,0
1990,Canada,2016A000011124,All industries,All sectors,Person-days not worked,Number,223,units,0,v108829331,1.1.1.4,5079190,,,,0
1991,Canada,2016A000011124,All industries,All sectors,Person-days not worked,Number,223,units,0,v108829331,1.1.1.4,2516090,,,,0
1992,Canada,2016A000011124,All industries,All sectors,Person-days not worked,Number,223,units,0,v108829331,1.1.1.4,2110180,,,,0
1993,Canada,2016A000011124,All industries,All sectors,Person-days not worked,Number,223,units,0,v108829331,1.1.1.4,1516640,,,,0
1994,Canada,2016A000011124,All industries,All sectors,Person-days not worked,Number,223,units,0,v108829331,1.1.1.4,1606580,,,,0
1995,Canada,2016A000011124,All industries,All sectors,Person-days not worked,Number,223,units,0,v108829331,1.1.1.4,1583070,,,,0
1996,Canada,2016A000011124,All industries,All sectors,Person-days not worked,Number,223,units,0,v108829331,1.1.1.4,3269060,,,,0
1997,Canada,2016A000011124,All industries,All sectors,Person-days not worked,Number,223,units,0,v108829331,1.1.1.4,3609460,,,,0
1998,Canada,2016A000011124,All industries,All sectors,Person-days not worked,Number,223,units,0,v108829331,1.1.1.4,2440270,,,,0
1999,Canada,2016A000011124,All industries,All sectors,Person-days not worked,Number,223,units,0,v108829331,1.1.1.4,2434050,,,,0
2000,Canada,2016A000011124,All industries,All sectors,Person-days not worked,Number,223,units,0,v108829331,1.1.1.4,1644100,,,,0
2001,Canada,2016A000011124,All industries,All sectors,Person-days not worked,Number,223,units,0,v108829331,1.1.1.4,2202740,,,,0
2002,Canada,2016A000011124,All industries,All sectors,Person-days not worked,Number,223,units,0,v108829331,1.1.1.4,2985940,,,,0
2003,Canada,2016A000011124,All industries,All sectors,Person-days not worked,Number,223,units,0,v108829331,1.1.1.4,1730492,,,,0
2004,Canada,2016A000011124,All industries,All sectors,Person-days not worked,Number,223,units,0,v108829331,1.1.1.4,3185165,,,,0
2005,Canada,2016A000011124,All industries,All sectors,Person-days not worked,Number,223,units,0,v108829331,1.1.1.4,4147580,,,,0
2006,Canada,2016A000011124,All industries,All sectors,Person-days not worked,Number,223,units,0,v108829331,1.1.1.4,792923,,,,0
2007,Canada,2016A000011124,All industries,All sectors,Person-days not worked,Number,223,units,0,v108829331,1.1.1.4,1770707,,,,0
2008,Canada,2016A000011124,All industries,All sectors,Person-days not worked,Number,223,units,0,v108829331,1.1.1.4,875440,,,,0
2009,Canada,2016A000011124,All industries,All sectors,Person-days not worked,Number,223,units,0,v108829331,1.1.1.4,2162500,,,,0
2010,Canada,2016A000011124,All industries,All sectors,Person-days not worked,Number,223,units,0,v108829331,1.1.1.4,1202483,,,,0
2011,Canada,2016A000011124,All industries,All sectors,Person-days not worked,Number,223,units,0,v108829331,1.1.1.4,1350596,,,,0
2012,Canada,2016A000011124,All industries,All sectors,Person-days not worked,Number,223,units,0,v108829331,1.1.1.4,904017,,,,0
2013,Canada,2016A000011124,All industries,All sectors,Person-days not worked,Number,223,units,0,v108829331,1.1.1.4,1498950,,,,0
2014,Canada,2016A000011124,All industries,All sectors,Person-days not worked,Number,223,units,0,v108829331,1.1.1.4,1711330,,,,0
2015,Canada,2016A000011124,All industries,All sectors,Person-days not worked,Number,223,units,0,v108829331,1.1.1.4,1845503,,,,0
2016,Canada,2016A000011124,All industries,All sectors,Person-days not worked,Number,223,units,0,v108829331,1.1.1.4,631880,,,,0
2017,Canada,2016A000011124,All industries,All sectors,Person-days not worked,Number,223,units,0,v108829331,1.1.1.4,1200700,,,,0
2018,Canada,2016A000011124,All industries,All sectors,Person-days not worked,Number,223,units,0,v108829331,1.1.1.4,1133724,,,,0
2019,Canada,2016A000011124,All industries,All sectors,Person-days not worked,Number,223,units,0,v108829331,1.1.1.4,1212938,,,,0
2020,Canada,2016A000011124,All industries,All sectors,Person-days not worked,Number,223,units,0,v108829331,1.1.1.4,1451556,,,,0
2021,Canada,2016A000011124,All industries,All sectors,Person-days not worked,Number,223,units,0,v108829331,1.1.1.4,1323637,,,,0
2022,Canada,2016A000011124,All industries,All sectors,Person-days not worked,Number,223,units,0,v108829331,1.1.1.4,1896262,,,,0
2023,Canada,2016A000011124,All industries,All sectors,Person-days not worked,Number,223,units,0,v108829331,1.1.1.4,6584618,,,,0
2024,Canada,2016A000011124,All industries,All sectors,Person-days not worked,Number,223,units,0,v108829331,1.1.1.4,523694,,,,0
